{"info":{"year":"2025","version":"1","description":"Exported from roboflow.com","contributor":"","url":"https://public.roboflow.com/object-detection/undefined","date_created":"2025-04-02T05:36:01+00:00"},"licenses":[{"id":1,"url":"https://creativecommons.org/licenses/by/4.0/","name":"CC BY 4.0"}],"categories":[{"id":0,"name":"objects","supercategory":"none"},{"id":1,"name":"aluminum_can","supercategory":"objects"},{"id":2,"name":"face_mask","supercategory":"objects"},{"id":3,"name":"paper_cup","supercategory":"objects"},{"id":4,"name":"plastic_bottle","supercategory":"objects"}],"images":[{"id":0,"license":1,"file_name":"paper_cup_11_jpg.rf.88a788e3f6624e6ffee7f7802bd9f295.jpg","height":640,"width":640,"date_captured":"2025-04-02T05:36:01+00:00","extra":{"name":"paper_cup_11.jpg"}},{"id":1,"license":1,"file_name":"face_mask_09_jpg.rf.52213e19465e37343ec04bfe8e6685ad.jpg","height":640,"width":640,"date_captured":"2025-04-02T05:36:01+00:00","extra":{"name":"face_mask_09.jpg"}},{"id":2,"license":1,"file_name":"plastic_bottle_13_jpg.rf.7e0daffa4a1cb58a4eb71bc0ad502ef7.jpg","height":640,"width":640,"date_captured":"2025-04-02T05:36:01+00:00","extra":{"name":"plastic_bottle_13.jpg"}},{"id":3,"license":1,"file_name":"face_mask_08_jpg.rf.254ef910c866ed90fd45ee843279b054.jpg","height":640,"width":640,"date_captured":"2025-04-02T05:36:01+00:00","extra":{"name":"face_mask_08.jpg"}},{"id":4,"license":1,"file_name":"aluminium_can_10_jpg.rf.9605b3c198bc10d0712204167de68c1a.jpg","height":640,"width":640,"date_captured":"2025-04-02T05:36:01+00:00","extra":{"name":"aluminium_can_10.jpg"}},{"id":5,"license":1,"file_name":"paper_cup_01_jpg.rf.bca7e3f148857281e1a38c487c954f72.jpg","height":640,"width":640,"date_captured":"2025-04-02T05:36:01+00:00","extra":{"name":"paper_cup_01.jpg"}},{"id":6,"license":1,"file_name":"paper_cup_02_jpg.rf.98b28de6c2c3404067ea8d516d9a3b0c.jpg","height":640,"width":640,"date_captured":"2025-04-02T05:36:01+00:00","extra":{"name":"paper_cup_02.jpg"}},{"id":7,"license":1,"file_name":"aluminium_can_02_jpg.rf.32cc05ba88df9ccc90636642335622ac.jpg","height":640,"width":640,"date_captured":"2025-04-02T05:36:01+00:00","extra":{"name":"aluminium_can_02.jpg"}},{"id":8,"license":1,"file_name":"aluminium_can_11_jpg.rf.bbf86c95f17a1215209d0fd58e6afd56.jpg","height":640,"width":640,"date_captured":"2025-04-02T05:36:01+00:00","extra":{"name":"aluminium_can_11.jpg"}},{"id":9,"license":1,"file_name":"plastic_bottle_02_jpg.rf.ab085405c49ca3d7a2af99a53f12dfcb.jpg","height":640,"width":640,"date_captured":"2025-04-02T05:36:01+00:00","extra":{"name":"plastic_bottle_02.jpg"}},{"id":10,"license":1,"file_name":"aluminium_can_04_jpg.rf.9e3bff6fbbe3ea77ce23a639073724c7.jpg","height":640,"width":640,"date_captured":"2025-04-02T05:36:01+00:00","extra":{"name":"aluminium_can_04.jpg"}},{"id":11,"license":1,"file_name":"aluminium_can_14_jpg.rf.adeb7a7323681c3006176bdde7c098b7.jpg","height":640,"width":640,"date_captured":"2025-04-02T05:36:01+00:00","extra":{"name":"aluminium_can_14.jpg"}},{"id":12,"license":1,"file_name":"paper_cup_09_jpg.rf.58984b0e5725738accf23b5cafa2b70d.jpg","height":640,"width":640,"date_captured":"2025-04-02T05:36:01+00:00","extra":{"name":"paper_cup_09.jpg"}},{"id":13,"license":1,"file_name":"paper_cup_12_jpg.rf.ee8d8bf36a93052a7b2933211003cd63.jpg","height":640,"width":640,"date_captured":"2025-04-02T05:36:01+00:00","extra":{"name":"paper_cup_12.jpg"}},{"id":14,"license":1,"file_name":"aluminium_can_12_jpg.rf.19d42a8962b54f0363f7e838426319bd.jpg","height":640,"width":640,"date_captured":"2025-04-02T05:36:01+00:00","extra":{"name":"aluminium_can_12.jpg"}},{"id":15,"license":1,"file_name":"aluminium_can_13_jpg.rf.52cf2bb96f4378df32be4f9863b97790.jpg","height":640,"width":640,"date_captured":"2025-04-02T05:36:01+00:00","extra":{"name":"aluminium_can_13.jpg"}},{"id":16,"license":1,"file_name":"face_mask_12_jpg.rf.b83678225abbc9955d2797f84e1c938c.jpg","height":640,"width":640,"date_captured":"2025-04-02T05:36:01+00:00","extra":{"name":"face_mask_12.jpg"}},{"id":17,"license":1,"file_name":"face_mask_14_jpg.rf.af83f02aaafcae55f9e1ad5bca88482b.jpg","height":640,"width":640,"date_captured":"2025-04-02T05:36:01+00:00","extra":{"name":"face_mask_14.jpg"}},{"id":18,"license":1,"file_name":"aluminium_can_15_jpg.rf.d518be164843d6a1c1ff4ae403234b7e.jpg","height":640,"width":640,"date_captured":"2025-04-02T05:36:01+00:00","extra":{"name":"aluminium_can_15.jpg"}},{"id":19,"license":1,"file_name":"plastic_bottle_09_jpg.rf.174a3d43b9f4670cfdf327c1ad6ec4b1.jpg","height":640,"width":640,"date_captured":"2025-04-02T05:36:01+00:00","extra":{"name":"plastic_bottle_09.jpg"}},{"id":20,"license":1,"file_name":"paper_cup_13_jpg.rf.2a780242589ce25102a85bfeb9a5309a.jpg","height":640,"width":640,"date_captured":"2025-04-02T05:36:01+00:00","extra":{"name":"paper_cup_13.jpg"}},{"id":21,"license":1,"file_name":"face_mask_11_jpg.rf.898af1125db002e3c12bfd86953ab2fa.jpg","height":640,"width":640,"date_captured":"2025-04-02T05:36:01+00:00","extra":{"name":"face_mask_11.jpg"}},{"id":22,"license":1,"file_name":"aluminium_can_06_jpg.rf.e39397648cd2552e2f1a5d50552b5672.jpg","height":640,"width":640,"date_captured":"2025-04-02T05:36:01+00:00","extra":{"name":"aluminium_can_06.jpg"}},{"id":23,"license":1,"file_name":"aluminium_can_03_jpg.rf.ac52be92ed93974e2e6504c78a694154.jpg","height":640,"width":640,"date_captured":"2025-04-02T05:36:01+00:00","extra":{"name":"aluminium_can_03.jpg"}},{"id":24,"license":1,"file_name":"aluminium_can_08_jpg.rf.f32def2729d25a10bbeb98b8486921ac.jpg","height":640,"width":640,"date_captured":"2025-04-02T05:36:01+00:00","extra":{"name":"aluminium_can_08.jpg"}},{"id":25,"license":1,"file_name":"plastic_bottle_14_jpg.rf.b992cb0c37cf8dc419d747aa5f65b68b.jpg","height":640,"width":640,"date_captured":"2025-04-02T05:36:01+00:00","extra":{"name":"plastic_bottle_14.jpg"}},{"id":26,"license":1,"file_name":"paper_cup_05_jpg.rf.e370f31b02220aa560373a6803f27444.jpg","height":640,"width":640,"date_captured":"2025-04-02T05:36:01+00:00","extra":{"name":"paper_cup_05.jpg"}},{"id":27,"license":1,"file_name":"paper_cup_15_jpg.rf.18bb0aa20b1903e2d755ae808b785287.jpg","height":640,"width":640,"date_captured":"2025-04-02T05:36:01+00:00","extra":{"name":"paper_cup_15.jpg"}},{"id":28,"license":1,"file_name":"plastic_bottle_05_jpg.rf.d7b7310dd8df5af07638a8ad302769d9.jpg","height":640,"width":640,"date_captured":"2025-04-02T05:36:01+00:00","extra":{"name":"plastic_bottle_05.jpg"}},{"id":29,"license":1,"file_name":"plastic_bottle_15_jpg.rf.d443cae6c7a66990accd9c9486975c13.jpg","height":640,"width":640,"date_captured":"2025-04-02T05:36:01+00:00","extra":{"name":"plastic_bottle_15.jpg"}},{"id":30,"license":1,"file_name":"face_mask_13_jpg.rf.78fea664ef2a5238a1ff2f8ab0aebd3b.jpg","height":640,"width":640,"date_captured":"2025-04-02T05:36:01+00:00","extra":{"name":"face_mask_13.jpg"}},{"id":31,"license":1,"file_name":"plastic_bottle_04_jpg.rf.964717d51fffffb77dc29cf2fe5a3a08.jpg","height":640,"width":640,"date_captured":"2025-04-02T05:36:01+00:00","extra":{"name":"plastic_bottle_04.jpg"}},{"id":32,"license":1,"file_name":"plastic_bottle_06_jpg.rf.a50323496dc535d704f49c49f17255dd.jpg","height":640,"width":640,"date_captured":"2025-04-02T05:36:01+00:00","extra":{"name":"plastic_bottle_06.jpg"}},{"id":33,"license":1,"file_name":"face_mask_02_jpg.rf.3939fe4ae318152a99f12ee01ee7e8bd.jpg","height":640,"width":640,"date_captured":"2025-04-02T05:36:01+00:00","extra":{"name":"face_mask_02.jpg"}},{"id":34,"license":1,"file_name":"face_mask_03_jpg.rf.6df51efbd0d9430859342d7cf1a0afa1.jpg","height":640,"width":640,"date_captured":"2025-04-02T05:36:01+00:00","extra":{"name":"face_mask_03.jpg"}},{"id":35,"license":1,"file_name":"plastic_bottle_08_jpg.rf.eb14ce65781aac80bba5b9d5dadd31ca.jpg","height":640,"width":640,"date_captured":"2025-04-02T05:36:01+00:00","extra":{"name":"plastic_bottle_08.jpg"}},{"id":36,"license":1,"file_name":"plastic_bottle_12_jpg.rf.19da1bb574835b94ddb0e749248ce0b7.jpg","height":640,"width":640,"date_captured":"2025-04-02T05:36:01+00:00","extra":{"name":"plastic_bottle_12.jpg"}},{"id":37,"license":1,"file_name":"paper_cup_14_jpg.rf.f34d8f525b82bc297d1b53375573e7ef.jpg","height":640,"width":640,"date_captured":"2025-04-02T05:36:01+00:00","extra":{"name":"paper_cup_14.jpg"}},{"id":38,"license":1,"file_name":"plastic_bottle_11_jpg.rf.db86e95d80dcb1622033da7d36280f1c.jpg","height":640,"width":640,"date_captured":"2025-04-02T05:36:01+00:00","extra":{"name":"plastic_bottle_11.jpg"}},{"id":39,"license":1,"file_name":"plastic_bottle_07_jpg.rf.596a69e1dec74304d90e39d29013bd78.jpg","height":640,"width":640,"date_captured":"2025-04-02T05:36:01+00:00","extra":{"name":"plastic_bottle_07.jpg"}},{"id":40,"license":1,"file_name":"face_mask_15_jpg.rf.c684698ff33b50530998120328e7fec8.jpg","height":640,"width":640,"date_captured":"2025-04-02T05:36:01+00:00","extra":{"name":"face_mask_15.jpg"}},{"id":41,"license":1,"file_name":"plastic_bottle_03_jpg.rf.2c3f3aab9d3663030411282613dae114.jpg","height":640,"width":640,"date_captured":"2025-04-02T05:36:01+00:00","extra":{"name":"plastic_bottle_03.jpg"}}],"annotations":[{"id":0,"image_id":0,"category_id":3,"bbox":[204,213,195,218.5],"area":42607.5,"segmentation":[],"iscrowd":0},{"id":1,"image_id":1,"category_id":2,"bbox":[17,166,353,405.5],"area":143141.5,"segmentation":[],"iscrowd":0},{"id":2,"image_id":2,"category_id":4,"bbox":[70,116,534.5,450],"area":240525,"segmentation":[],"iscrowd":0},{"id":3,"image_id":3,"category_id":2,"bbox":[52,272,329,241.5],"area":79453.5,"segmentation":[],"iscrowd":0},{"id":4,"image_id":3,"category_id":2,"bbox":[291,145,277.5,153],"area":42457.5,"segmentation":[],"iscrowd":0},{"id":5,"image_id":4,"category_id":1,"bbox":[151,145,290.5,366],"area":106323,"segmentation":[],"iscrowd":0},{"id":6,"image_id":5,"category_id":3,"bbox":[126,247,106.5,149.5],"area":15921.75,"segmentation":[],"iscrowd":0},{"id":7,"image_id":5,"category_id":3,"bbox":[240,181,101.5,138],"area":14007,"segmentation":[],"iscrowd":0},{"id":8,"image_id":5,"category_id":3,"bbox":[200,403,110,140.5],"area":15455,"segmentation":[],"iscrowd":0},{"id":9,"image_id":5,"category_id":3,"bbox":[309,310,120,158.5],"area":19020,"segmentation":[],"iscrowd":0},{"id":10,"image_id":5,"category_id":3,"bbox":[424,100,101.5,189.5],"area":19234.25,"segmentation":[],"iscrowd":0},{"id":11,"image_id":6,"category_id":3,"bbox":[93,357,277,207],"area":57339,"segmentation":[],"iscrowd":0},{"id":12,"image_id":6,"category_id":3,"bbox":[333,35,225.5,137],"area":30893.5,"segmentation":[],"iscrowd":0},{"id":13,"image_id":7,"category_id":1,"bbox":[315,254,238,198.5],"area":47243,"segmentation":[],"iscrowd":0},{"id":14,"image_id":8,"category_id":1,"bbox":[303,273,258,285.5],"area":73659,"segmentation":[],"iscrowd":0},{"id":15,"image_id":9,"category_id":4,"bbox":[232,216,174.5,240.5],"area":41967.25,"segmentation":[],"iscrowd":0},{"id":16,"image_id":10,"category_id":1,"bbox":[127,83,116.5,79.5],"area":9261.75,"segmentation":[],"iscrowd":0},{"id":17,"image_id":10,"category_id":1,"bbox":[316,174,127.5,108],"area":13770,"segmentation":[],"iscrowd":0},{"id":18,"image_id":10,"category_id":1,"bbox":[259,364,199.5,168],"area":33516,"segmentation":[],"iscrowd":0},{"id":19,"image_id":11,"category_id":1,"bbox":[356,228,192,221],"area":42432,"segmentation":[],"iscrowd":0},{"id":20,"image_id":12,"category_id":3,"bbox":[147,109,202,206],"area":41612,"segmentation":[],"iscrowd":0},{"id":21,"image_id":12,"category_id":3,"bbox":[365,129,161.5,235.5],"area":38033.25,"segmentation":[],"iscrowd":0},{"id":22,"image_id":12,"category_id":3,"bbox":[377,256,222,258],"area":57276,"segmentation":[],"iscrowd":0},{"id":23,"image_id":12,"category_id":3,"bbox":[178,278,218.5,312.5],"area":68281.25,"segmentation":[],"iscrowd":0},{"id":24,"image_id":13,"category_id":3,"bbox":[133,353,150,159.5],"area":23925,"segmentation":[],"iscrowd":0},{"id":25,"image_id":14,"category_id":1,"bbox":[68,163,246,239],"area":58794,"segmentation":[],"iscrowd":0},{"id":26,"image_id":14,"category_id":1,"bbox":[389,230,156,342],"area":53352,"segmentation":[],"iscrowd":0},{"id":27,"image_id":14,"category_id":1,"bbox":[285,63,213.5,324],"area":69174,"segmentation":[],"iscrowd":0},{"id":28,"image_id":15,"category_id":1,"bbox":[30,135,375,216.5],"area":81187.5,"segmentation":[],"iscrowd":0},{"id":29,"image_id":16,"category_id":2,"bbox":[167,150,233.5,384],"area":89664,"segmentation":[],"iscrowd":0},{"id":30,"image_id":17,"category_id":2,"bbox":[198,225,364,207.5],"area":75530,"segmentation":[],"iscrowd":0},{"id":31,"image_id":18,"category_id":1,"bbox":[100,103,412.5,419.5],"area":173043.75,"segmentation":[],"iscrowd":0},{"id":32,"image_id":19,"category_id":4,"bbox":[89,130,483,354.5],"area":171223.5,"segmentation":[],"iscrowd":0},{"id":33,"image_id":20,"category_id":3,"bbox":[129,314,212,223.5],"area":47382,"segmentation":[],"iscrowd":0},{"id":34,"image_id":21,"category_id":2,"bbox":[239,255,150,151],"area":22650,"segmentation":[],"iscrowd":0},{"id":35,"image_id":22,"category_id":1,"bbox":[76,0,70.5,116],"area":8178,"segmentation":[],"iscrowd":0},{"id":36,"image_id":22,"category_id":1,"bbox":[86,179,70.5,97.5],"area":6873.75,"segmentation":[],"iscrowd":0},{"id":37,"image_id":22,"category_id":1,"bbox":[21,276,100,172.5],"area":17250,"segmentation":[],"iscrowd":0},{"id":38,"image_id":22,"category_id":1,"bbox":[41,417,74,213.5],"area":15799,"segmentation":[],"iscrowd":0},{"id":39,"image_id":22,"category_id":1,"bbox":[327,273,81,138],"area":11178,"segmentation":[],"iscrowd":0},{"id":40,"image_id":22,"category_id":1,"bbox":[289,533,79,106.5],"area":8413.5,"segmentation":[],"iscrowd":0},{"id":41,"image_id":22,"category_id":1,"bbox":[385,0,102,119],"area":12138,"segmentation":[],"iscrowd":0},{"id":42,"image_id":22,"category_id":1,"bbox":[524,63,52.5,185],"area":9712.5,"segmentation":[],"iscrowd":0},{"id":43,"image_id":22,"category_id":1,"bbox":[580,0,56.5,132],"area":7458,"segmentation":[],"iscrowd":0},{"id":44,"image_id":22,"category_id":1,"bbox":[605,195,35,119],"area":4165,"segmentation":[],"iscrowd":0},{"id":45,"image_id":22,"category_id":1,"bbox":[498,355,88,106.5],"area":9372,"segmentation":[],"iscrowd":0},{"id":46,"image_id":22,"category_id":1,"bbox":[457,508,119.5,132],"area":15774,"segmentation":[],"iscrowd":0},{"id":47,"image_id":23,"category_id":1,"bbox":[179,109,292,359.5],"area":104974,"segmentation":[],"iscrowd":0},{"id":48,"image_id":24,"category_id":1,"bbox":[12,208,110,105],"area":11550,"segmentation":[],"iscrowd":0},{"id":49,"image_id":24,"category_id":1,"bbox":[266,72,83.5,96],"area":8016,"segmentation":[],"iscrowd":0},{"id":50,"image_id":24,"category_id":1,"bbox":[218,176,80.5,64.5],"area":5192.25,"segmentation":[],"iscrowd":0},{"id":51,"image_id":24,"category_id":1,"bbox":[98,259,108.5,107],"area":11609.5,"segmentation":[],"iscrowd":0},{"id":52,"image_id":24,"category_id":1,"bbox":[164,337,101.5,102.5],"area":10403.75,"segmentation":[],"iscrowd":0},{"id":53,"image_id":24,"category_id":1,"bbox":[212,415,121.5,89.5],"area":10874.25,"segmentation":[],"iscrowd":0},{"id":54,"image_id":24,"category_id":1,"bbox":[317,377,116.5,96],"area":11184,"segmentation":[],"iscrowd":0},{"id":55,"image_id":24,"category_id":1,"bbox":[350,306,101.5,91.5],"area":9287.25,"segmentation":[],"iscrowd":0},{"id":56,"image_id":24,"category_id":1,"bbox":[477,301,67.5,140.5],"area":9483.75,"segmentation":[],"iscrowd":0},{"id":57,"image_id":24,"category_id":1,"bbox":[418,114,85.5,125],"area":10687.5,"segmentation":[],"iscrowd":0},{"id":58,"image_id":24,"category_id":1,"bbox":[346,268,103.5,60.5],"area":6261.75,"segmentation":[],"iscrowd":0},{"id":59,"image_id":24,"category_id":1,"bbox":[248,259,97,80.5],"area":7808.5,"segmentation":[],"iscrowd":0},{"id":60,"image_id":24,"category_id":1,"bbox":[210,237,41,111.5],"area":4571.5,"segmentation":[],"iscrowd":0},{"id":61,"image_id":24,"category_id":1,"bbox":[511,351,97,143],"area":13871,"segmentation":[],"iscrowd":0},{"id":62,"image_id":25,"category_id":4,"bbox":[177,71,136.5,385],"area":52552.5,"segmentation":[],"iscrowd":0},{"id":63,"image_id":25,"category_id":4,"bbox":[290,151,275,352.5],"area":96937.5,"segmentation":[],"iscrowd":0},{"id":64,"image_id":25,"category_id":4,"bbox":[242,246,115,367.5],"area":42262.5,"segmentation":[],"iscrowd":0},{"id":65,"image_id":26,"category_id":3,"bbox":[144,144,336,426.5],"area":143304,"segmentation":[],"iscrowd":0},{"id":66,"image_id":27,"category_id":3,"bbox":[122,318,95,215],"area":20425,"segmentation":[],"iscrowd":0},{"id":67,"image_id":28,"category_id":4,"bbox":[88,293,315,230.5],"area":72607.5,"segmentation":[],"iscrowd":0},{"id":68,"image_id":29,"category_id":4,"bbox":[101,257,335.5,351.5],"area":117928.25,"segmentation":[],"iscrowd":0},{"id":69,"image_id":30,"category_id":2,"bbox":[169,132,261.5,395.5],"area":103423.25,"segmentation":[],"iscrowd":0},{"id":70,"image_id":31,"category_id":4,"bbox":[248,91,323,408.5],"area":131945.5,"segmentation":[],"iscrowd":0},{"id":71,"image_id":32,"category_id":4,"bbox":[107,114,500.5,331],"area":165665.5,"segmentation":[],"iscrowd":0},{"id":72,"image_id":33,"category_id":2,"bbox":[20,294,594,302],"area":179388,"segmentation":[],"iscrowd":0},{"id":73,"image_id":34,"category_id":2,"bbox":[177,38,396.5,492.5],"area":195276.25,"segmentation":[],"iscrowd":0},{"id":74,"image_id":35,"category_id":4,"bbox":[66,175,304,217.5],"area":66120,"segmentation":[],"iscrowd":0},{"id":75,"image_id":36,"category_id":4,"bbox":[100,91,489,424],"area":207336,"segmentation":[],"iscrowd":0},{"id":76,"image_id":37,"category_id":3,"bbox":[38,289,202.5,206.5],"area":41816.25,"segmentation":[],"iscrowd":0},{"id":77,"image_id":38,"category_id":4,"bbox":[248,125,312,353],"area":110136,"segmentation":[],"iscrowd":0},{"id":78,"image_id":39,"category_id":4,"bbox":[42,150,578,339.5],"area":196231,"segmentation":[],"iscrowd":0},{"id":79,"image_id":40,"category_id":2,"bbox":[166,132,329.5,364.5],"area":120102.75,"segmentation":[],"iscrowd":0},{"id":80,"image_id":41,"category_id":4,"bbox":[121,237,346.5,198.5],"area":68780.25,"segmentation":[],"iscrowd":0}]}